{
  "baseline_extra": {
    "signature_entropy": 2.657470741167463,
    "top10_signature_pct": 91.35647872773377,
    "top1_signature_pct": 51.0471777854303,
    "top5_signature_pct": 82.2840684970103,
    "trace_rows": 31943,
    "unique_output_vectors": 6,
    "unique_target_signatures": 49
  },
  "bsdcov_extra": {
    "signature_entropy": 3.0662628480139733,
    "top10_signature_pct": 95.46369899311075,
    "top1_signature_pct": 24.038155802861684,
    "top5_signature_pct": 81.57922628510863,
    "trace_rows": 9435,
    "unique_output_vectors": 8,
    "unique_target_signatures": 21
  },
  "schema_version": "bsd_cov_extra_signature_diversity_v0.1"
}
