{
  "baseline_extra": {
    "signature_entropy": 2.657470741167463,
    "top10_signature_pct": 91.35647872773377,
    "top1_signature_pct": 51.0471777854303,
    "top5_signature_pct": 82.2840684970103,
    "trace_rows": 31943,
    "unique_output_vectors": 6,
    "unique_target_signatures": 49
  },
  "bsdcov_extra": {
    "signature_entropy": 2.639348017244394,
    "top10_signature_pct": 99.70433336413194,
    "top1_signature_pct": 32.42169453940682,
    "top5_signature_pct": 86.5194493208907,
    "trace_rows": 10823,
    "unique_output_vectors": 6,
    "unique_target_signatures": 15
  },
  "schema_version": "bsd_cov_extra_signature_diversity_v0.1"
}
